{
  "pipes": {
    "NPS: 1/4 (pol) STD": {
      "d_s": 0.0137,
      "t_s": 0.00224
    },
    "NPS: 1/4 (pol) XS": {
      "d_s": 0.0137,
      "t_s": 0.00302
    },
    "NPS: 3/8 (pol) STD": {
      "d_s": 0.0171,
      "t_s": 0.00231
    },
    "NPS: 3/8 (pol) XS": {
      "d_s": 0.0171,
      "t_s": 0.0032
    },
    "NPS: 1/2 (pol) STD": {
      "d_s": 0.0213,
      "t_s": 0.00277
    },
    "NPS: 1/2 (pol) XS": {
      "d_s": 0.0213,
      "t_s": 0.00373
    },
    "NPS: 1/2 (pol) XXS": {
      "d_s": 0.0213,
      "t_s": 0.00747
    },
    "NPS: 3/4 (pol) STD": {
      "d_s": 0.0267,
      "t_s": 0.00287
    },
    "NPS: 3/4 (pol) XS": {
      "d_s": 0.0267,
      "t_s": 0.00391
    },
    "NPS: 3/4 (pol) XXS": {
      "d_s": 0.0267,
      "t_s": 0.00782
    },
    "NPS: 1 (pol) STD": {
      "d_s": 0.0334,
      "t_s": 0.00338
    },
    "NPS: 1 (pol) XS": {
      "d_s": 0.0334,
      "t_s": 0.00455
    },
    "NPS: 1 (pol) XXS": {
      "d_s": 0.0334,
      "t_s": 0.00909
    },
    "NPS: 1.1/4 (pol) STD": {
      "d_s": 0.0422,
      "t_s": 0.00356
    },
    "NPS: 1.1/4 (pol) XS": {
      "d_s": 0.0422,
      "t_s": 0.00485
    },
    "NPS: 1.1/4 (pol) XXS": {
      "d_s": 0.0422,
      "t_s": 0.0097
    },
    "NPS: 1.1/2 (pol) STD": {
      "d_s": 0.0483,
      "t_s": 0.00368
    },
    "NPS: 1.1/2 (pol) XS": {
      "d_s": 0.0483,
      "t_s": 0.00508
    },
    "NPS: 1.1/2 (pol) XXS": {
      "d_s": 0.0483,
      "t_s": 0.01015
    },
    "NPS: 2 (pol) STD": {
      "d_s": 0.0603,
      "t_s": 0.00391
    },
    "NPS: 2 (pol) XS": {
      "d_s": 0.0603,
      "t_s": 0.00554
    },
    "NPS: 2 (pol) XXS": {
      "d_s": 0.0603,
      "t_s": 0.01107
    },
    "NPS: 2.1/2 (pol) STD": {
      "d_s": 0.073,
      "t_s": 0.00516
    },
    "NPS: 2.1/2 (pol) XS": {
      "d_s": 0.073,
      "t_s": 0.00701
    },
    "NPS: 2.1/2 (pol) XXS": {
      "d_s": 0.073,
      "t_s": 0.01402
    },
    "NPS: 3 (pol) STD": {
      "d_s": 0.0889,
      "t_s": 0.00549
    },
    "NPS: 3 (pol) XS": {
      "d_s": 0.0889,
      "t_s": 0.00762
    },
    "NPS: 3 (pol) XXS": {
      "d_s": 0.0889,
      "t_s": 0.01524
    },
    "NPS: 3.1/2 (pol) STD": {
      "d_s": 0.1016,
      "t_s": 0.00574
    },
    "NPS: 3.1/2 (pol) XS": {
      "d_s": 0.1016,
      "t_s": 0.00808
    },
    "NPS: 4 (pol) STD": {
      "d_s": 0.1143,
      "t_s": 0.00602
    },
    "NPS: 4 (pol) XS": {
      "d_s": 0.1143,
      "t_s": 0.00856
    },
    "NPS: 4 (pol) XXS": {
      "d_s": 0.1143,
      "t_s": 0.01712
    },
    "NPS: 5 (pol) STD": {
      "d_s": 0.1413,
      "t_s": 0.00655
    },
    "NPS: 5 (pol) XS": {
      "d_s": 0.1413,
      "t_s": 0.00953
    },
    "NPS: 5 (pol) XXS": {
      "d_s": 0.1413,
      "t_s": 0.01905
    },
    "NPS: 6 (pol) STD": {
      "d_s": 0.1683,
      "t_s": 0.00711
    },
    "NPS: 6 (pol) XS": {
      "d_s": 0.1683,
      "t_s": 0.01097
    },
    "NPS: 6 (pol) XXS": {
      "d_s": 0.1683,
      "t_s": 0.02195
    },
    "NPS: 8 (pol) STD": {
      "d_s": 0.2191,
      "t_s": 0.00818
    },
    "NPS: 8 (pol) XS": {
      "d_s": 0.2191,
      "t_s": 0.0127
    },
    "NPS: 8 (pol) XXS": {
      "d_s": 0.2191,
      "t_s": 0.02223
    },
    "NPS: 10 (pol) STD": {
      "d_s": 0.273,
      "t_s": 0.00927
    },
    "NPS: 10 (pol) XS": {
      "d_s": 0.273,
      "t_s": 0.0127
    },
    "NPS: 10 (pol) XXS": {
      "d_s": 0.273,
      "t_s": 0.0254
    },
    "NPS: 12 (pol) STD": {
      "d_s": 0.3238,
      "t_s": 0.00953
    },
    "NPS: 12 (pol) XS": {
      "d_s": 0.3238,
      "t_s": 0.0127
    },
    "NPS: 12 (pol) XXS": {
      "d_s": 0.3238,
      "t_s": 0.0254
    },
    "NPS: 14 (pol) STD": {
      "d_s": 0.3556,
      "t_s": 0.00953
    },
    "NPS: 14 (pol) XS": {
      "d_s": 0.3556,
      "t_s": 0.0127
    },
    "NPS: 16 (pol) STD": {
      "d_s": 0.4064,
      "t_s": 0.00953
    },
    "NPS: 16 (pol) XS": {
      "d_s": 0.4064,
      "t_s": 0.0127
    },
    "NPS: 18 (pol) STD": {
      "d_s": 0.457,
      "t_s": 0.00953
    },
    "NPS: 18 (pol) XS": {
      "d_s": 0.457,
      "t_s": 0.0127
    },
    "NPS: 20 (pol) STD": {
      "d_s": 0.508,
      "t_s": 0.00952
    },
    "NPS: 20 (pol) XS": {
      "d_s": 0.508,
      "t_s": 0.0127
    },
    "NPS: 22 (pol) STD": {
      "d_s": 0.559,
      "t_s": 0.00952
    },
    "NPS: 22 (pol) XS": {
      "d_s": 0.559,
      "t_s": 0.0127
    },
    "NPS: 24 (pol) STD": {
      "d_s": 0.61,
      "t_s": 0.00952
    },
    "NPS: 24 (pol) XS": {
      "d_s": 0.61,
      "t_s": 0.0127
    }
  }
}
